Modelo,R2 (log),R2 (real),MAE (USD)
Regresión Lineal,0.24018722067323395,0.15828645460350022,6256.318610811877
Árbol de Decisión,0.622226186252951,0.6160639871482735,3623.7008182298973
