Modelo,R2 (log),R2 (real),MAE (USD)
Regresión Lineal,0.21116899175395598,0.04561215725631396,10313.181485193621
Árbol de Decisión,0.4040676510668769,0.3440483142233729,7741.476104441309
