Modelo,R2,MAE
Regresión Lineal,-0.8714400143801033,15185.583095069236
Árbol de Decisión,-65.71272129494422,15047.479159121422
