Modelo,R2 (log),R2 (real),MAE (USD)
Regresión Lineal,0.24130041180068096,0.08126828922749696,9275.819460454237
Árbol de Decisión,0.4356526623713255,0.4353900495794154,6782.9073748795745
